id_com,name,license_key,limit_date,status
976E53D76C583FDC02915653,Hồ Quang Dũng,lQnL,2027-12-31,active
B06A0F3F14785160A030CC75,Hồ Minh Tâm,,2027-12-31,active
C5F4D64D97E6522F41EA5B35,Phạm Thanh Thảo,lQnL,2027-12-31,active
14453F3D77DD9A15DEC51294,Hồ Quang Dũng,lQnL,2027-6-30,active
D5E6963AF0A8D1FACD1F98A0,HGHV,HaHa,2027-05-22,active
0ADB8B7A8AA697D5DD16D2C4,Thảo,LOik,2027-04-30,active
948348331CDDBB11DCE869AB,Dat,14gs,2027-01-23,active
6A836E49226BE9223814FBF6,PCDAT,hkkh,2028-03-19,active
B6FC8D3D340CD526B2DCE826,Dung,dsdsd,2026-08-16,active
